estimator,pearson_all,spearman_all,alpha_fixed_used,beta_fixed_used,error_range_over_beta_at_alpha_fixed,ess_median_cv_over_beta_at_alpha_fixed,error_range_over_alpha_at_beta_fixed,pearson_beta_fixed,spearman_beta_fixed,fan_beta,fan_seed,fan_K,fan_true_std
IS-PDIS,-0.28454649558718925,-0.1879209812663605,0.6,0.0,0.07263348141635845,0.09265005623178005,0.07770974381609255,-0.40490266872325625,-0.335368401731251,0.5,0.0,100.0,0.09757374822940351
DR,-0.2562110306524797,-0.19243379998255683,0.6,0.0,0.006928838413020499,0.09265005623178005,0.0360896537350234,-0.32237109653928214,-0.2227697954465642,0.5,0.0,100.0,0.09757374822940351
DM,-0.120650099909861,-0.10571407932463427,0.6,0.0,0.006922058988029223,0.09265005623178005,0.027952687270726,-0.1409161172906689,-0.10285567570527814,0.5,0.0,100.0,0.09757374822940351
FQE,-0.02136581705875081,0.028186966994069983,0.6,0.0,0.005245109583848009,0.09265005623178005,0.01120304702673744,-0.1428256677223437,-0.09188204786351703,0.5,0.0,100.0,0.09757374822940351
