estimator,n,mean_abs_error,std_abs_error,mean_abs_error_ci_low,mean_abs_error_ci_high,mean_squared_error,mean_squared_error_ci_low,mean_squared_error_ci_high,mean_bias,mean_bias_ci_low,mean_bias_ci_high,pearson_ess_abs_error,pearson_ci_low,pearson_ci_high,spearman_ess_abs_error,spearman_ci_low,spearman_ci_high
is_pdis,1024,0.1516558525097315,0.15543273991410375,0.14213577212691822,0.16117593289254475,0.04713524113547408,0.04004720388257785,0.05422327838837031,-0.01110529957390436,-0.024391911126732092,0.002181311978923371,-0.28454649558718925,-0.33296176755449625,-0.23241675814199342,-0.1879209812663605,-0.24686927176961762,-0.12737479086127754
dr_oracle,1024,0.13185426276220896,0.1285574312796607,0.12398026478554902,0.1397282607388689,0.03389642008452351,0.029748534889248602,0.038044305279798414,-0.014933597992278001,-0.026178451672074596,-0.0036887443124814043,-0.2562110306524797,-0.3104636115818354,-0.1996803277541501,-0.19243379998255683,-0.25298098475566155,-0.1310014276107703
dm_tabular,1024,0.12329115217701278,0.10955905052171588,0.11658078363942005,0.13000152071460552,0.027192171895465356,0.023976418494854036,0.030407925296076676,-0.022213499313044942,-0.03222630054582035,-0.012200698080269539,-0.120650099909861,-0.1796869821523772,-0.06382597450534909,-0.10571407932463427,-0.16404837168586225,-0.047968415417907126
fqe_linear,1024,0.11791622454245831,0.10300824870787532,0.11160708524314643,0.1242253638417702,0.024504573301173966,0.021700978121947465,0.027308168480400467,-0.007094723696427322,-0.01667741158448607,0.0024879641916314274,-0.02136581705875081,-0.08336680065735622,0.039626575486231504,0.028186966994069983,-0.033444042344311184,0.08961996701802032
