verdict,count,fraction
partially_supported,3,0.42857142857142855
supported,2,0.2857142857142857
inconclusive,2,0.2857142857142857
