estimator,pearson_all,spearman_all,alpha_fixed_used,beta_fixed_used,error_range_over_beta_at_alpha_fixed,ess_median_cv_over_beta_at_alpha_fixed,error_range_over_alpha_at_beta_fixed,pearson_beta_fixed,spearman_beta_fixed,fan_beta,fan_seed,fan_K,fan_true_std
IS-PDIS,-0.12802211180640818,-0.4638456275622762,0.7,0.0,0.08874186677832335,0.04583143451752606,0.30054657221729164,-0.1366909127332543,-0.4396298514559745,0.5,0.0,500.0,0.0
DR,-0.09697201240059286,-0.3789606555045661,0.7,0.0,0.019274883664760434,0.04583143451752606,0.09618835578790935,-0.07675003879139708,-0.37267104642660126,0.5,0.0,500.0,0.0
DM,-0.04224819106864491,-0.027666616774757614,0.7,0.0,0.2175571467852426,0.04583143451752606,0.046456867087556156,-0.12538521755797724,-0.11321999677242015,0.5,0.0,500.0,0.0
FQE,0.009614899443727176,0.013311042587926371,0.7,0.0,0.5594702203233507,0.04583143451752606,0.011558784636299058,-0.012502421406427934,-0.025383137747645328,0.5,0.0,500.0,0.0
